Children,Hotel Transylvania 3, In Theaters
Action,JURASSIC WORLD: FALLEN KINGDOM,In Theaters
Horror,THE FIRST PURGE,In Theaters
Fantasy,AVENGERS: INFINITY WAR,In Theaters
comedy,Super Troopers 2,bluray.vudu.amazon
horror,the Purge: election year,bluray.vudu.amazon
horror,The Purge: Anarchy,bluray.vudu.amazon
horror,The Purge,bluray.vudu.amazon
action,American Assassin,bluray.vudu.amazon
action,12 Strong,bluray.vudu.amazon
horror,31,bluray.vudu.amazon
fantasy,Justice League,bluray.vudu.amazon
horror,Saw Franchise,bluray.vudu.amazon
fantasy,Riddick,bluray.vudu.amazon
fantasy,The Chronicles of Riddick,bluray.vudu.amazon
children,The Lego Movie,bluray.vudu.amazon
children,Ice Age,bluray.vudu.amazon
comedy,Logan Lucky,bluray.vudu.amazon
romance,Beauty and the Beast,bluray.vudu.amazon
drama,Hidden Figures,bluray.vudu.amazon
action,Full Metal Jacket,bluray.vudu.amazon
musical,The Sound of Music,
romance,Pride & Prejudice,bluray.vudu.amazon
comedy,Deadpool,bluray.vudu.amazon
